1,35000,European,50,5 Stars,8 sec.,EV,100 Miles,15000,Asian,40,4 Stars,6 sec.,Gasoline,100 Miles,1,25000,US,30,3 Stars,10 sec.,Gasoline,400 Miles,45000,Asian,30,4 Stars,2 sec.,Gasoline,100 Miles,1,45000,Asian,40,5 Stars,2 sec.,EV,200 Miles,15000,US,20,4 Stars,10 sec.,Hybrid,400 Miles,1,35000,European,50,5 Stars,2 sec.,Hybrid,200 Miles,15000,US,20,4 Stars,10 sec.,Gasoline,400 Miles,2,55000,US,30,4 Stars,10 sec.,Gasoline,200 Miles,35000,European,50,3 Stars,8 sec.,Gasoline,300 Miles,2,25000,European,40,3 Stars,6 sec.,Gasoline,300 Miles,55000,US,60,5 Stars,6 sec.,Gasoline,200 Miles,2,55000,Asian,30,3 Stars,6 sec.,Hybrid,100 Miles,25000,Asian,60,4 Stars,8 sec.,Hybrid,400 Miles,2,45000,Asian,50,5 Stars,4 sec.,Gasoline,400 Miles,35000,Asian,30,3 Stars,10 sec.,Hybrid,100 Miles,2,35000,US,40,4 Stars,8 sec.,Hybrid,200 Miles,25000,Asian,60,5 Stars,4 sec.,EV,300 Miles,1,45000,Asian,20,3 Stars,10 sec.,EV,200 Miles,55000,European,20,3 Stars,2 sec.,Hybrid,200 Miles
1,25000,European,60,3 Stars,8 sec.,EV,400 Miles,45000,European,30,3 Stars,4 sec.,EV,200 Miles,1,15000,US,20,5 Stars,6 sec.,Gasoline,400 Miles,55000,US,30,3 Stars,6 sec.,Gasoline,400 Miles,2,25000,US,50,4 Stars,4 sec.,Hybrid,100 Miles,35000,US,20,3 Stars,2 sec.,Gasoline,400 Miles,1,35000,European,30,5 Stars,2 sec.,EV,200 Miles,55000,US,60,3 Stars,2 sec.,Gasoline,200 Miles,1,25000,European,20,4 Stars,6 sec.,Hybrid,400 Miles,15000,Asian,20,3 Stars,2 sec.,Gasoline,100 Miles,2,45000,US,20,3 Stars,2 sec.,Gasoline,300 Miles,35000,European,20,5 Stars,6 sec.,Hybrid,400 Miles,2,35000,Asian,50,4 Stars,2 sec.,Gasoline,400 Miles,15000,European,40,4 Stars,6 sec.,Gasoline,200 Miles,2,35000,European,40,3 Stars,10 sec.,EV,200 Miles,15000,Asian,20,3 Stars,10 sec.,Hybrid,400 Miles,2,45000,Asian,20,5 Stars,8 sec.,Gasoline,200 Miles,15000,Asian,20,3 Stars,8 sec.,Gasoline,300 Miles,1,15000,European,40,4 Stars,6 sec.,Gasoline,400 Miles,25000,Asian,40,5 Stars,4 sec.,Hybrid,300 Miles
2,45000,European,60,5 Stars,8 sec.,Hybrid,400 Miles,25000,European,20,3 Stars,8 sec.,Hybrid,200 Miles,1,35000,European,30,3 Stars,6 sec.,Hybrid,400 Miles,55000,Asian,30,3 Stars,6 sec.,Hybrid,300 Miles,1,25000,Asian,50,4 Stars,2 sec.,EV,100 Miles,25000,European,60,4 Stars,8 sec.,EV,200 Miles,1,45000,Asian,40,3 Stars,10 sec.,Gasoline,100 Miles,55000,Asian,40,4 Stars,6 sec.,EV,400 Miles,2,35000,Asian,20,4 Stars,8 sec.,Gasoline,200 Miles,15000,Asian,30,5 Stars,10 sec.,EV,400 Miles,1,55000,European,30,4 Stars,4 sec.,Gasoline,300 Miles,55000,European,30,3 Stars,2 sec.,Hybrid,100 Miles,1,15000,US,60,4 Stars,4 sec.,Hybrid,400 Miles,15000,European,40,3 Stars,10 sec.,Hybrid,300 Miles,2,15000,US,50,4 Stars,6 sec.,EV,400 Miles,15000,Asian,30,4 Stars,6 sec.,Hybrid,400 Miles,1,25000,Asian,40,5 Stars,4 sec.,Hybrid,100 Miles,25000,Asian,50,4 Stars,2 sec.,Hybrid,100 Miles,2,45000,Asian,30,3 Stars,10 sec.,Gasoline,400 Miles,15000,US,20,3 Stars,10 sec.,Gasoline,200 Miles
2,35000,US,30,3 Stars,6 sec.,EV,300 Miles,55000,Asian,40,5 Stars,4 sec.,EV,200 Miles,1,15000,Asian,50,5 Stars,8 sec.,Gasoline,100 Miles,55000,US,60,4 Stars,10 sec.,EV,100 Miles,1,15000,US,60,4 Stars,10 sec.,Hybrid,300 Miles,15000,US,40,3 Stars,8 sec.,Hybrid,200 Miles,1,35000,US,60,5 Stars,10 sec.,Hybrid,300 Miles,15000,European,40,4 Stars,6 sec.,Gasoline,300 Miles,2,55000,US,50,5 Stars,2 sec.,Gasoline,300 Miles,15000,European,60,5 Stars,6 sec.,EV,300 Miles,2,15000,US,50,3 Stars,4 sec.,EV,100 Miles,55000,European,20,4 Stars,6 sec.,Gasoline,400 Miles,2,35000,Asian,60,3 Stars,10 sec.,Gasoline,400 Miles,35000,US,50,3 Stars,4 sec.,EV,300 Miles,2,45000,Asian,30,3 Stars,10 sec.,EV,200 Miles,45000,US,50,3 Stars,4 sec.,Hybrid,200 Miles,2,45000,Asian,60,4 Stars,8 sec.,EV,200 Miles,35000,Asian,60,3 Stars,6 sec.,Gasoline,200 Miles,2,15000,US,20,4 Stars,4 sec.,Hybrid,200 Miles,25000,European,60,3 Stars,4 sec.,Gasoline,300 Miles
1,35000,European,20,5 Stars,2 sec.,Gasoline,400 Miles,35000,European,50,5 Stars,4 sec.,Hybrid,100 Miles,2,55000,Asian,60,4 Stars,8 sec.,Gasoline,400 Miles,35000,US,30,4 Stars,4 sec.,EV,200 Miles,2,55000,Asian,60,5 Stars,10 sec.,Gasoline,400 Miles,15000,European,40,3 Stars,10 sec.,EV,400 Miles,2,55000,Asian,60,3 Stars,10 sec.,Hybrid,300 Miles,25000,US,60,5 Stars,4 sec.,Gasoline,300 Miles,1,15000,Asian,20,4 Stars,10 sec.,EV,300 Miles,55000,US,20,5 Stars,8 sec.,Hybrid,400 Miles,1,45000,US,60,5 Stars,8 sec.,EV,200 Miles,45000,European,60,4 Stars,6 sec.,EV,300 Miles,2,55000,US,40,3 Stars,2 sec.,EV,300 Miles,55000,European,40,5 Stars,4 sec.,Hybrid,200 Miles,1,55000,European,20,5 Stars,8 sec.,Hybrid,400 Miles,35000,Asian,40,3 Stars,8 sec.,EV,300 Miles,1,15000,Asian,60,4 Stars,2 sec.,Hybrid,300 Miles,25000,European,50,3 Stars,6 sec.,Hybrid,100 Miles,1,25000,US,50,5 Stars,6 sec.,Hybrid,200 Miles,25000,European,60,4 Stars,8 sec.,Gasoline,100 Miles
1,25000,Asian,50,5 Stars,4 sec.,Hybrid,100 Miles,25000,US,20,4 Stars,6 sec.,Gasoline,200 Miles,1,45000,Asian,60,5 Stars,6 sec.,Hybrid,400 Miles,45000,Asian,20,5 Stars,2 sec.,EV,100 Miles,1,25000,European,60,5 Stars,2 sec.,Gasoline,200 Miles,25000,US,40,4 Stars,8 sec.,Gasoline,400 Miles,2,45000,European,30,4 Stars,2 sec.,Hybrid,100 Miles,15000,Asian,20,4 Stars,10 sec.,Hybrid,400 Miles,1,35000,US,30,5 Stars,6 sec.,EV,400 Miles,55000,European,60,4 Stars,2 sec.,Gasoline,300 Miles,1,45000,US,60,4 Stars,8 sec.,Gasoline,200 Miles,55000,Asian,40,5 Stars,10 sec.,Hybrid,100 Miles,2,55000,Asian,20,5 Stars,6 sec.,Hybrid,100 Miles,15000,Asian,50,4 Stars,10 sec.,EV,100 Miles,2,45000,Asian,30,4 Stars,8 sec.,Gasoline,100 Miles,45000,US,30,5 Stars,4 sec.,Gasoline,300 Miles,2,15000,European,30,3 Stars,10 sec.,Gasoline,300 Miles,35000,US,50,4 Stars,4 sec.,EV,300 Miles,2,15000,Asian,20,3 Stars,2 sec.,Hybrid,100 Miles,45000,Asian,40,4 Stars,8 sec.,EV,400 Miles
1,35000,Asian,20,3 Stars,8 sec.,EV,200 Miles,55000,European,40,3 Stars,10 sec.,Hybrid,400 Miles,2,25000,US,20,3 Stars,6 sec.,Gasoline,100 Miles,25000,European,30,4 Stars,6 sec.,Hybrid,200 Miles,1,45000,European,40,4 Stars,10 sec.,Hybrid,100 Miles,55000,Asian,40,3 Stars,2 sec.,EV,200 Miles,2,45000,European,30,5 Stars,6 sec.,Hybrid,200 Miles,35000,European,40,4 Stars,4 sec.,Gasoline,400 Miles,2,55000,European,60,5 Stars,6 sec.,EV,200 Miles,35000,European,30,5 Stars,4 sec.,Gasoline,400 Miles,2,35000,European,40,5 Stars,10 sec.,Hybrid,400 Miles,35000,European,60,5 Stars,10 sec.,EV,300 Miles,2,35000,Asian,20,3 Stars,10 sec.,EV,100 Miles,25000,US,20,5 Stars,4 sec.,EV,100 Miles,2,15000,US,40,5 Stars,6 sec.,Hybrid,100 Miles,25000,Asian,40,5 Stars,4 sec.,EV,400 Miles,2,25000,US,20,3 Stars,4 sec.,Gasoline,100 Miles,25000,European,60,4 Stars,8 sec.,EV,400 Miles,2,35000,Asian,50,3 Stars,2 sec.,Hybrid,100 Miles,25000,US,30,4 Stars,10 sec.,EV,400 Miles
